{"mean": 96780.046875, "std": 60172.796875}